{
  "test_arxiv_fs_50\\loss/dataloader_idx_0": {
    "mean": 1.0231423079967499,
    "std": 0.020088058679763755
  },
  "test_arxiv_fs_50\\acc": {
    "mean": 0.431099995970726,
    "std": 0.006086048832129646
  },
  "test_arxiv_fs_30\\acc": {
    "mean": 0.5867999911308288,
    "std": 0.010062806331649507
  },
  "test_cora_fs_20\\acc": {
    "mean": 0.5165499985218048,
    "std": 0.009339300810570618
  },
  "test_cora_fs_70\\acc": {
    "mean": 0.15115000009536744,
    "std": 0.005291738326071727
  },
  "test_pubmed_fs_30\\acc": {
    "mean": 0.34989999532699584,
    "std": 0.006945498753255576
  },
  "test_wikics_fs_100\\acc": {
    "mean": 0.09890000075101853,
    "std": 0.005526301192560528
  },
  "test_FB15K237_fs_100\\acc": {
    "mean": 0.5405499994754791,
    "std": 0.013374319186318463
  },
  "test_FB15K237_fs_200\\acc": {
    "mean": 0.40180000364780427,
    "std": 0.012833940390417676
  },
  "test_WN18RR_fs_50\\acc": {
    "mean": 0.19895000010728836,
    "std": 0.009100683899546054
  },
  "test_WN18RR_fs_100\\acc": {
    "mean": 0.11574999913573265,
    "std": 0.005316248449524773
  },
  "test_chemhiv_fs_20\\auc": {
    "mean": 0.5420904636383057,
    "std": 0.01434769635679104
  },
  "test_chempcba_fs_20\\aucmulti": {
    "mean": 0.4919114500284195,
    "std": 0.011322956409489127
  }
}