{
  "test_chemhiv_fs_20\\loss/dataloader_idx_0": {
    "mean": 0.6931665122509003,
    "std": 1.4920341545263574e-06
  },
  "test_chemhiv_fs_20\\auc": {
    "mean": 0.43208840787410735,
    "std": 0.014541220875903609
  },
  "test_chempcba_fs_20\\aucmulti": {
    "mean": 0.5013006836175918,
    "std": 0.0024016386115245235
  }
}