{
  "test_chemhiv_fs_20\\loss/dataloader_idx_0": {
    "mean": 1.0573756694793701,
    "std": 0.008447437552665193
  },
  "test_chemhiv_fs_20\\auc": {
    "mean": 0.5200420141220092,
    "std": 0.014311593508053444
  },
  "test_chempcba_fs_20\\aucmulti": {
    "mean": 0.4970400780439377,
    "std": 0.005419388440979009
  }
}