{
  "test_arxiv_fs_50\\loss/dataloader_idx_0": {
    "mean": 2.4068514108657837,
    "std": 0.03324938059083083
  },
  "test_arxiv_fs_50\\acc": {
    "mean": 0.33154999911785127,
    "std": 0.008007652363141507
  },
  "test_arxiv_fs_30\\acc": {
    "mean": 0.5063499957323074,
    "std": 0.012498107988137124
  },
  "test_cora_fs_20\\acc": {
    "mean": 0.5616999983787536,
    "std": 0.007480637720829361
  },
  "test_cora_fs_70\\acc": {
    "mean": 0.18990000039339067,
    "std": 0.01030242820757876
  },
  "test_pubmed_fs_30\\acc": {
    "mean": 0.32385000586509705,
    "std": 0.008938823990561291
  },
  "test_wikics_fs_100\\acc": {
    "mean": 0.12254999950528145,
    "std": 0.00496210500715081
  },
  "test_FB15K237_fs_100\\acc": {
    "mean": 0.49934999644756317,
    "std": 0.009937432030868498
  },
  "test_FB15K237_fs_200\\acc": {
    "mean": 0.3633000016212463,
    "std": 0.008657944732471433
  },
  "test_WN18RR_fs_50\\acc": {
    "mean": 0.19725000113248825,
    "std": 0.009910222250208255
  },
  "test_WN18RR_fs_100\\acc": {
    "mean": 0.09259999990463257,
    "std": 0.006106553139966505
  },
  "test_chemhiv_fs_20\\auc": {
    "mean": 0.5912167727947235,
    "std": 0.01183442589330814
  },
  "test_chempcba_fs_20\\aucmulti": {
    "mean": 0.4993105441331863,
    "std": 0.005112993949413542
  }
}