{
  "test_arxiv_fs_50\\loss/dataloader_idx_0": {
    "mean": 1.4320212841033935,
    "std": 0.018207248148018922
  },
  "test_arxiv_fs_50\\acc": {
    "mean": 0.35805000364780426,
    "std": 0.004585031472801835
  },
  "test_arxiv_fs_30\\acc": {
    "mean": 0.5136500060558319,
    "std": 0.0068119334088739035
  },
  "test_cora_fs_20\\acc": {
    "mean": 0.5556500077247619,
    "std": 0.008018874211304924
  },
  "test_cora_fs_70\\acc": {
    "mean": 0.2020000010728836,
    "std": 0.00801872806902933
  },
  "test_pubmed_fs_30\\acc": {
    "mean": 0.342399999499321,
    "std": 0.009883822872583076
  },
  "test_wikics_fs_100\\acc": {
    "mean": 0.12415000051259995,
    "std": 0.003968942656010381
  },
  "test_FB15K237_fs_100\\acc": {
    "mean": 0.5472499966621399,
    "std": 0.013542992046164801
  },
  "test_FB15K237_fs_200\\acc": {
    "mean": 0.41055000126361846,
    "std": 0.01103732075713238
  },
  "test_WN18RR_fs_50\\acc": {
    "mean": 0.24034999907016755,
    "std": 0.009306047807320958
  },
  "test_WN18RR_fs_100\\acc": {
    "mean": 0.14710000157356262,
    "std": 0.005281099169231788
  },
  "test_chemhiv_fs_20\\auc": {
    "mean": 0.558493709564209,
    "std": 0.010942843489854711
  },
  "test_chempcba_fs_20\\aucmulti": {
    "mean": 0.48736371994018557,
    "std": 0.010139277990514495
  }
}