{
  "test_chemhiv_fs_20\\loss/dataloader_idx_0": {
    "mean": 1.2560109436511993,
    "std": 0.40443447132089777
  },
  "test_chemhiv_fs_20\\auc": {
    "mean": 0.4956973701715469,
    "std": 0.018069135137823288
  },
  "test_chempcba_fs_20\\aucmulti": {
    "mean": 0.4999233603477478,
    "std": 0.0006172604510728009
  }
}